title,slug,titleCn,storageIco,ico,url,descriptions,type,status
Baidu,,,,,,,,
Bitbucket,,,,,,,,
CodePen,,,,,,,,
CodeSandbox,,,,,,,,
GitHub,,,,,,,,
Packagist,,,,,,,,
RubyGems,,,,,,,,
Shields,,,,,,,,
Pypi,,,,,,,,
NPM,,,,,,,,
jsDelivr,,,,,,,,
BootCDN,,,,,,,,
Convertio ,,,,,,在线转换文件的简单工具。支持超过309种不同的文档、图像、电子表格、电子书、文档、演示文稿、音频和视频格式。,,
cdnjs,,,,,https://cdnjs.com/,,,
pnpm,,,,,https://www.pnpm.cn/,,,
juejin,,,,,https://juejin.cn/,,,
juptyer,,,,,http://jupyter.org/,,,
rutracker,,,,,http://rutracker.org/,,,
emoji-cheat-sheet,,,,,https://www.webfx.com/tools/emoji-cheat-sheet/,,,
swagger,,,,,https://swagger.io/,,,
smallpdf,,,,,https://smallpdf.com/cn,,,
mengxuegu,,,,,https://www.webhek.com/post/css3-animation-sniplet-collection/#/,,,
vercel,,,,,https://mock.mengxuegu.com/,,,
4enerland,,,,,https://vercel.com/,,,
netlify,,,,,https://4everland.org/,,,
gitbook,,,,,https://netlify.com/,,,
,,,,,https://gitbook.com/,,,
